ID,W1,W2,W3,W4,W5,W6,W7,W8,W9,W10,L1,L2,L3,L4,L5,L6,L7,L8,L9,L10,
1,states,the,believed,families,his,observers,London,Robbie,Did,Vence,So the idea of personal mission by,commonwalth every facility possibleto,above the boney knob landrmarked the cervical,"rejoicing, but the hard, firm shape of the",He bumped into a floor lamp and,"switched it on. Heather, McNabb still lazy","They had been married for siz years, but the",(Literally) all-powerful rocket release,I caught him just as he was going to the,"airport to meet Blandie, ""he said "" As a matter",
2,States,The,believed,families,his,observers,London,Robbie,And,Vence,So the idea of personal mission by,commonwealth every facility possible To,above the boney knob which landmarked the cervical,"rejoicing, but the hard, firm shape of the",He bumped into a floor lamp and,switched it on heather Mc Nabb still lay,"They had been marred for six years, but the",(Literally) all-powerful radiet release,I cought him just as he was going to the,"airport to meet Blanche, ""he said"" As a matter",
3,States,the,believed,lami his,his,observers,London,Robbie,Rd,Vence,So the idea of personal mission by,Commonwealth every facility possible To,above the boney knob which landmarked the cervical,"rejoicing, but the hard, firm shape of the",He bumped into a floor lamp and,switched if on. Heather Mc Nabb still lay,"They had been married for six years, but the",(literally) all-powerful Rocket Release,"""I caught him just as he was going to the","airport to meet Blancche, "" he said ""As a matter",
4,States,like,believed,laminates,his,observers,London,Robbie,Did,Vence,So the idea of personal mission by,Commonwealth every facility possible To,above the boney knob which landmarked the cervical,"rejoicing, but the hard, firm shape of the",He bumped into a floor lamp and,switched it on Heather McNabb still lay,"They had been married for six years, but the",(literally) all-powerful Rocket Release,I caught him just as he was going to the,"airport to meet Blanche,"" he said ""As a matter",
5,skates,the,believed,families,his,observers,London,Robbie,Did,Venice,so the idea of personal mission by,commonwealth every facility possible To,above the boney knob which landmarked the cervical,"rejoicing, but the hart, firm shape of the",He bumped into a floor lamp and,switched it on Heather Mc Nabb stll lay,"They had been married for six year,s but the",(Literally) all-powerful Rodiet release,I caught him just as he was going to the,"airport to meet Blanche, ""he said. ""As a matter",
6,Skates,The,believed,families,his,observers,London,Robbie,Did,Vence,So the idea of personal mission by,Commonwealth array facility possible to,above the boney knob which landmarked the cervical,"rejoicing, but the hard, firm shape of the",he bumped into a floor lamp and,switched it on. Heather McNabb still lay,"They had been married for six years, but the",(Literally) all-powerful rodiet release,"""I caught him just as he was going to the","airport to meet Blandie,"" he said ""As a matter",
7,States,She,beleived,lami lies,his,observers,London,Robbie,Did,Venice,So the idea of personal mission by,commonwealth every facility possible to,above teh boney knob which bindmarked the cervical,"rejoicing, but the hard, firm shape of the",He bumped into a floor lamp and,switched if on. Heather McNabb still lay,"They had been married for six years, but the",(Literally) all-powerful rodiet release,"""I caught him just as he was going to the","airport to meet Blanche,"" he said ""As a matter",
8,States,like,believed,Lambda,his,observers,London,Robbie,Did,Vence,So the idea of personal mission by,Commonwealth every facility possible To,above the boney knob which landmarked the cervical,"rejoicing, but the hard, firm shape of the",He bumped into a floor lamp and,switched if on Heather McNabb still by,"They had been married for six years, but the",(Literally) all-powerful Rodiet Release,"""I caught him just as he was going to the","airport to meet Blandie,"" he said ""As a matter",
9,States,The,Believed,Familiar,His,Observers,London,Robbie,Dr d,Vence,So the idea of personal mission by,Commonwealth every facility possible to,Above the boney knob which landmarked the cervical,"Rejoicing, but the hard, firm shape of the",He bumped into the floor lamp and,Switched it on. Heather Mc Nabb still lay,"They had been married for six years, but the",Literally all-powerful rodent release,I caught him just as he was going to the,"Airport to meet the blondie, ""he said"" as a matter",
10,State,the,believed,Lami his,his,observers,London,Robbie,Red,Vence,so the idea of personal mission by,commonwealth every facility possible to,above the boney knob which handmarked the cervical,"rejoicing, but the hard, firm shape of the [HAHAHAHA PERVERT]",He bumped into a floor lamp and,switched it on. Heather Mc Nabb still lay,"they had been married for six years, but the",(literally) all-powerful rodiet release,I caught him just as he was going to the,"airport to meet blanche, ""he said. ""as a matter",
11,Shate,Flu,Beleived,Families,His,Observers,London,Robbie,Drd,Vence,So the idea of personal mission by,Commonwealth every facility possible to,Above the boney knob which landmarked the cervical,"Rejoicing, but the hard, firm shape of the",He bumped into a floor lamp and,Switched it on. Heather mc nabb still lay,"They had been married for six years, but the",Literally all-powerful product release,I caught him just as he was going to the,"Airport to meet Blanche, ""he said "" as a matter",
12,Skate,Lol no idea,Believed,Masala dosa,His,Observers,London,Robbie,And,Hence,So the idea of personal mission by,Commonwealth every facility possible to,Above the boney knob which trademarked the cervical,"Rejoicing, but the hard, firm shape of the",He bumped into a floor lamp and,Switched it on. Heather MC Mann still lay,They had been married for six years but the,Literally all powerful something release,I caught him just as he was going to the,Airport to meet blandie he said as a matter,
13,Slate,The,Believed,Families,His,Observers,London,Robbie,Sid,Hence,So the idea of personal mission by,Commonwealth er very facility possibility,Above the boney knob which landmarked the cervical,"Rejoicing, but the hard, firm shape of the",He bumped into a floor lamp and,Switched it on. Heather mcWabb still lay,"They had been married for six years, but the",(Literally) all-power for rodut release,"""I caught him just as he was going to the","Airport to meet Blandie, ""he said"" As a matter",
14,Skates,the,believed,families,his,observers,London,Robbie,Did,Voice,So the idea of personal mission by,Commonwealth every facility possible To,Above the boney knob which landmarked the cervical,"Rejoicing, but the hard, firm shape of the",He bumped into a floor lamp and,Switched it on. Heather McNabb still lay,"They had been married for six years, but the",(literally) all-powerful rodiet release,I caught him just as he was going to the,"Airport to meet Blanche,” he said “As a matter",
15,State,the,believed,families,his,observers,London,Robbie,Bid,Venice,So the idea of personal mission by,Commonwealth every facility possible to,Above the boney knob which landmarked the cervical,"Rejoicing, but the hard, firm shape of the",He bumped into a floor lamp and,Switched it on. Heather Hc Nabb still lay,"They had been married for six years, but the",Literally all powerful rodiet release,I caught him just as he was going to the,Airport to meet Blanche he said as a matter,
16,Skates,the,beloved,families,his,observers,London,Robbie,Red,Vence,So the idea of personal mission by,Commonwealth every facility possible To,above the bone knob which landmarked the cervical,"rejoicing, but the hard, firm shape of the",He bumped into a floor lamp and,switched it on. Heather Mc Nabb still lay,"They had been married for six years, but the",(literally) all-powerful Rocket Release,"""I caught him just as he was going to the","airport to meet Blanche,"" he said ""As a matter",
17,Slates,he,believed,Larry hi is,his,observers,London,Robbie,Aid,Vence,So the idea of personal mission by,Commonwealth every facility possible to,above the honey knob which landmarked the cervical,"rejoicing, but the hard, firm shape of the",He bumped into a floor lamp and,switched it on. Heather Mc Nabb still lay,"They had been married for six years, but the",(literally) all-powerful Rodiet Release,""" I caught him just as he was going to the","airport to meet Blanche, "" he said "" As a matter",
18,"Shate,",Gre,believed,fam lis,his,cbsprvprs,London,Robbie,Did,Vence,So the idea of personal mission by,commonwealth every facility possible To,above the boney knob which landmarked the cervical,"rejoicing, but the hard, firm shape of the",He bumped into a floor lamp and,switched it on. Heather McNabb still lay,"They had been married for six years, but the",(Literally) all-powerful Rocket Release,I caught him just as he was going to the,"airpart to meet Blanche, ""he said"" As a matter",
19,Slate?,The,Believed,Familiar,His,Observers,London,Robbie,Did,Venice,So the idea of personal mission by,Commonwealth every facility possible to,Above the boney knob which landmarked the cervical,"Rejoicing, but the hard, firm shape of the",He bumpeded into a floor lamp and,"Switched it on. Heather, MC Boob still lay",They had been married for six years but the,Literally a powerful rodiet release,I caught him just as he was going to the,"Airport to meet blanche, he said, as a matter",
20,States,Glue,believed,Laminate,his,observers,London,Robbie,And,Venice,So the idea of personal mission by,Commonwealth evey facility possible To,Above the boney knob which landmarked the cervical,"rejoicing, but the hard, firm shape of the",He bumped into a floor lamp and,switched it on. Heather Mc Nabb still lay,"They had been married for six years, but the",Literally! all-powerful Rocket Release,""" I caught him just as he was going to the","airport to meet Blondie,"" he said ""As a matter",
21,Slate,Lhe,Bebeied,Lamln hin,His,Observers,London,Robbie,Did,Vence,So the idea of personal mission by,Commonwealth every facility possible,Above the boney knob which landmarked the cervical,Rejoicing but the hand fo shape of the,He bumped into a floor lamp and,Switched it on. Heather mcnabb still lay,They had been married for six years but the,Literally all powerful rodet release,I caught h just as he was going to the,Airport to meet blandie he said as a matter,
22,Skates,The,Believed,Lammilis,His,Observers,London,Robbie,And,Vence,So the idea of personal mission by,Commenwealth every facility possible to,Above the boney knob landmarked the cervical,Rejoicing but the hard firm shape of the,He bumped into a floor lamp and,Switched it on. Heather he won't still lay,They have been married for six years but the,Literally all powerful rodiet release,I caught him just as he was going to the,Out Port to meet Blanche he said as a matter,
23,States,The,Beleived,I am his,his,Observers,London,Robbie,Rid,Vence,So the idea of oersonal mission by,Commonwealth every facility possible to,Above the boney knob which landmarked the cervical,"Rejoicing, but the hard, firm shape of the",He bumped into a floor lamo and,Switched it on. Heather Mc Nabb still lay,"They had been married for six years, but the",(Literally) all-powerful rocket release,I caught him just as he was going to the,"airport to meet Blanche, ""he said"" As a matter",
24,Shates,Ilre,believed,farm his,his,observers,London,Robbie,Did,Vence,So the idea of personal mission by,commonwealth every facility possible To,above the boney knob which landmarked the cervical,"rejoicing, but the hard, firm shape of the",He bumped into a floor lamp and,switched it on. Heather McNabb still lay,"They had been married for six years, but the",Literally all-powerful Rocket Release,I caught him just as he was going to the,"airport to meet Blanche, he said As a matter",
25,Shates,The,Believed,Lannilies,his,Absqervers,London,Robbie,Rd,Vence,So the idea of personal mission by,Commonwealth every facility possible to,Above the money knob which bind marked the cervical,"Rejoicing, but the hard, firm shape of the",He bumped into a floor lamp and,Switched if on Heather mc Bibb still lay,"They had been married for six years, but the",( literally) all powerful rediet release,I caught him just he was going to the,"airport to meet Blanche, “he said “ As a mattes",
26,Skate,Lle,Believed,Lamilis,His,Obsgrvers,London,Robbie,Rid,Vence,So the idea of personal misson by,Commonwealth every facility possible to,Above the boney know which lanmarked the cervical,"Rejoicing, but the hard, firm shape of the",He bumped into a floor lamp and,Switched it to Heather MC nabb still long,"They had been married for six years, but the",Literally all powerful rodiel release,I caught him just as he was going to the,Airport to meet blanche he said as a matter,
27,Skate,the,believed,families,his,observers,London,Robbie,Ord,Vence,So the idea of personal missionby,commonwealth every facility possible to,above the boney knob which landmarked the cervical,"rejoicing, but the hard, firm shape of the",He bumped into a floor lamp and,switched it on. Heather McNabb still lay,"They had been married for six years, but the",(Literally) all-powerful rodiet release,I caught him just as he was going to the,"airport to meet Blanche, "" he said "" As a matter",
28,Slate,The,Believed,Families,His,Observers,London,Robbie,Rod,Vance,So the idea of personal mission by,Commonwealth every facility possible to,Above the money known which trademarked the cervical,"Rejoicing, but the hard, firm shape of the",He bumped into a floor lamp and,Switched it on. Heather McNabb still lay,"They had been married for six years, but the",(literally) all-powerful rocket release,I caught him just as he was going to the,"Airport to meet Blanche,” he said “As a matter",
29,States,The,Believed,Families,His,Observers,London,Robbie,And,Vence,So the idea of personal mission by,Commonwealth every facility possible to,Above the boney knob which landmarked the cervical,"Rejoicing, but the hard, firm shape of the",He bumped into a floor lamp and,Switched it on. Heather Mc Nabb still lay,"They have been married for six years, but the",(literally) all powerful rodiet release,I caught him just as he was going to the,"Airport to meet Blandie, ""he said "" As a matter",
30,Slates,The,Believed,Fam his,His,Observers,London,Robbie,And,Vence,So the idea od personal mission by,Commonwealth every facility possible to,Above the boney knob which landmarked the cervical,Rejoicing but the hard firm shape of the,He bumped into a floor lamp and,Switched it on heather mc nabb still lay,They had been married for six years but the,Literally all powerful product release,I caught him just as he was going to the,"Airport to meet Blanche, he said as a matter",
31,slate,lie,believed,lannister,his,observers,London,Robbie,Sid,Vince,So the idea of personal mission by,commonwealth every facility possible to,above the honey knob which landmarked the cervical,"rejoicing, but the hard, firm shape of the",He bumped into a floor lamp and,switched it on. Heather McNabb still lay,"They had been marries for six years, but the",(Literally) all-powerful Rocket Release,I caught him just as he was going to the,"airport to meet Blondie, he said, ""As a matter",
32,Slate,Lice,Beloved,Lanni lis,His,Cbsqrvqrs,London,Robbie,Ord,Vence,So the idea of personal mission by,Commonwealth every facility possible to,Above the boney knob which landmarked the cervical,"Rejoicing, but the hard, firm shape of the",Be bumped into a floor lamp and,Switched it on,"They had been married for six years, but the",Literally all power model release,I caught him just as he was going to the,"Airport tonmeet blande,” he said “as a matter",
33,States,the,believed,lani his,hsi,observers,London,Robbie,And,Vence,So the idea of personal mission by,commonwealth every facility possible to,above the boney knob which landemarked the cervical,"rejoicing, but the hard, firm shape of the",He bumped into a floor lamp and,switched it on. Heather McNabb still lay,"They had been married for six years, but the",literally all-powerful 120 diet release,""" I caught him just as he was going to the","airport to meet Blamche,"" he said ""As a matter",
34,State,the,Beloevef,Family,History,Observers,London,Robbie,And,Vence,So the idea of personal mission bu,Commonwealth every facility possible to,Above the honey knob landmarked the cervical,Rejoicing but the hard firm shape of the,He bumped into a floor lamp and,Switched it on . Heather hobb still lay,They had been married for six years but the,Literally all powerful rosier release,I caught him just as he was going to the,Airport to meet blondie he said as a matter,
35,States,the,believed,families,his,observers,London,Robbie,Did,Vence,So the idea of personal mission by,Commonwealth every facility possible to,above the boney know which landmarked the cervical,"rejoicing, but the hard, firm shape of the",he bumped into a floor lamp and,"switched it on, Heather Hobb still lay","They had been married for six years, but the",Literally all powerful robiet release,I caught him just as he was going to the,airport to meet Blondie he said as a matter,
36,States,The,Believed,Families,His,Observers,London,Robbie,Did,Vence,So the idea of personal mission by,Commonwealth every facility possible to,above the boney knob which trademarked the cervical,"rejoicing, but the hard, firm shape of the",He bumped into a floor lamp and,switched it on. Heather McNabb still lazy,"They had been married for six years, but the",(Literally) all-poweful rodiet release,"""I caught him just as he was going to the","airport to meet Blanche,"" he said ""As a matter",
37,Skates,the,believed,families,his,observers,London,Robbie,Did,Venice,So the idea of personal mission by,common wealth ervay facility possible To,above the bones knob which bandmarked the cervical,"rejoicing, but the hard, form shape of the",He bumped into a floor lamp and,switched it on. Heather McNabb still lazy,"They had been married for six years, but the",(Literally) all-powerful Rodet Release,“I caught him just as he was going to the,"airport to meet Blanche,” he said “As a matter",
38,states,he,believed,lami lin,his,cbjprvpis,London,Robbie,Did,Vence,So the idea of personal mission by,commonwealth every facility possible Ta,above the boney knob which bindmarked the cervical,"rejoicing, but the hard, firm shape of the",he bumped into a floor lamp and,switched it on. Leather Mc Nabb still lay,"They had been married for six years, but the",Literally all-powerful Rodet decease,I caught him just as he was going to the,"airport to meet Blandie, he said ""As a matter",
39,cdcMBNMB,CDC,CDCD,CDCD,CD,CD,DC,CD,CD,D,CD,CDCD,CDCD,CDC,DCD,DCD,CDCDC,VFVGF,GBG,VFF,
40,State,Vie,Believed,Family history,His,Observers,London,Robbie,And,Venice,So the idea of personal mission by,Commonwealth every facility possible to,Above the boney knob which landmarked the cervical,"Rejoicing, but the hard, firm shape of the",He bumped into a floor lamp and,Switched it on. Weather Mc Nabb still low,"They had been married for six years, but the",(literally) all-powerful product release,"""I caught him just as he was going to the","Airport to meet Blanchie, ""he said"" As a matter",
41,Slates,She,believed,families,his,observers,London,Robbie,Did,Venice,So the idea of personal mission by,Commonwealth every facility possible to,Above the boney knob which landmarked the cervical,"Rejoicing, but the hard, firm shape of the",He bumped into a floor lamp and,Switched if on. Heather McNabb still lay,"They had been married for six years, but the",(Literally) all-powerful rodiet release,"""I caught him just as he was going to the","Airport to meet Blanchie,"" he said ""As a matter",
42,slates,lhe,levied,lam lis,his,cbjgrvers,London,Robbie,Did,Vence,so the idea of persional mission by,commonwealth en very facility possible To,above the honey knob which band marked the cervical,"rejoicing, but the hard, firm shape of the",He bumped into a floor lamp and,switched it on. Heather Mc Nab still larg,"They had been married for six years, but the",(literally) all-powerful rochet release,I caught him just as he was going to the,"airport the me Blanche,"" he said ""As a matter",
